Model,MSE_Output_Gap,MSE_Inflation,MSE_Total
SVAR,1.0480034136845913,0.07968749169502297,0.5638454526898071
ANN,3.4914572005166833,1.0452110563895771,2.26833412845313
