Model,MSE_Output_Gap,MSE_Inflation,MSE_Total
SVAR,1.0021640464063049,0.09232725887568176,0.5472456526409933
ANN,1.2347885199419848,1.3170095521757763,1.2758990360588807
