Model,MSE_Output_Gap,MSE_Inflation,MSE_Total
SVAR,1.0021640464063049,0.09232725887568176,0.5472456526409933
ANN,3.161655687701361,5.704030610847684,4.432843149274523
